{"cameraMode":{"drawMode":0,"name":"Shaded","section":"Shading Mode"},"sceneLighting":true,"audioPlay":false,"sceneViewState":{"showFog":true,"showMaterialUpdate":false,"showSkybox":true,"showFlares":true,"showImageEffects":true,"showParticleSystems":true},"in2DMode":false,"pivot":{"x":8.424589157104493,"y":20.86621856689453,"z":-25.09538459777832},"rotation":{"x":-0.49956032633781435,"y":0.2204103171825409,"z":-0.1331196278333664,"w":-0.8271728157997131},"size":9.368477821350098,"orthographic":false}