{"cameraMode":{"drawMode":0,"name":"Shaded","section":"Shading Mode"},"sceneLighting":true,"audioPlay":false,"sceneViewState":{"showFog":true,"showMaterialUpdate":false,"showSkybox":true,"showFlares":true,"showImageEffects":true,"showParticleSystems":true},"in2DMode":false,"pivot":{"x":33.493282318115237,"y":3.6308324337005617,"z":-19.928585052490236},"rotation":{"x":-0.010193814523518086,"y":-0.9455453753471375,"z":0.32419779896736147,"w":-0.029497060924768449},"size":22.0,"orthographic":false}