{"cameraMode":{"drawMode":0,"name":"Shaded","section":"Shading Mode"},"sceneLighting":true,"audioPlay":false,"sceneViewState":{"showFog":false,"showMaterialUpdate":false,"showSkybox":true,"showFlares":true,"showImageEffects":true,"showParticleSystems":true},"in2DMode":false,"pivot":{"x":183.37374877929688,"y":9.511205673217774,"z":206.89991760253907},"rotation":{"x":0.05757420137524605,"y":0.2949830889701843,"z":-0.01784183457493782,"w":0.9536209106445313},"size":340.2665710449219,"orthographic":false}