{"cameraMode":{"drawMode":0,"name":"Shaded","section":"Shading Mode"},"sceneLighting":true,"audioPlay":false,"sceneViewState":{"showFog":false,"showMaterialUpdate":false,"showSkybox":true,"showFlares":true,"showImageEffects":true,"showParticleSystems":true},"in2DMode":false,"pivot":{"x":-129.60694885253907,"y":176.7515106201172,"z":-125.27262115478516},"rotation":{"x":0.12804903090000153,"y":0.627708375453949,"z":-0.10570361465215683,"w":0.7605610489845276},"size":10.996719360351563,"orthographic":false}