{"cameraMode":{"drawMode":0,"name":"Shaded","section":"Shading Mode"},"sceneLighting":true,"audioPlay":false,"sceneViewState":{"showFog":false,"showMaterialUpdate":false,"showSkybox":true,"showFlares":true,"showImageEffects":true,"showParticleSystems":true},"in2DMode":false,"pivot":{"x":98.17255401611328,"y":-0.44507184624671938,"z":-68.12728881835938},"rotation":{"x":0.04679394140839577,"y":-0.004501740913838148,"z":0.000196044726180844,"w":0.9989163875579834},"size":7.732729911804199,"orthographic":false}