{"cameraMode":{"drawMode":0,"name":"Shaded","section":"Shading Mode"},"sceneLighting":true,"audioPlay":false,"sceneViewState":{"showFog":false,"showMaterialUpdate":false,"showSkybox":true,"showFlares":true,"showImageEffects":true,"showParticleSystems":true},"in2DMode":false,"pivot":{"x":192.8342742919922,"y":75.45590209960938,"z":-976.5438842773438},"rotation":{"x":0.05790236219763756,"y":0.17134670913219453,"z":-0.010109366849064827,"w":0.9834771752357483},"size":642.9637451171875,"orthographic":false}