{"cameraMode":{"drawMode":0,"name":"Shaded","section":"Shading Mode"},"sceneLighting":true,"audioPlay":false,"sceneViewState":{"showFog":false,"showMaterialUpdate":false,"showSkybox":true,"showFlares":true,"showImageEffects":true,"showParticleSystems":true},"in2DMode":false,"pivot":{"x":-830.4291381835938,"y":-1412.0338134765625,"z":2029.000244140625},"rotation":{"x":0.2660723924636841,"y":-0.3496696650981903,"z":0.1042741984128952,"w":0.8922421932220459},"size":5281.6484375,"orthographic":false}