{"cameraMode":{"drawMode":0,"name":"Shaded","section":"Shading Mode"},"sceneLighting":true,"audioPlay":false,"sceneViewState":{"showFog":false,"showMaterialUpdate":false,"showSkybox":true,"showFlares":true,"showImageEffects":true,"showParticleSystems":true},"in2DMode":false,"pivot":{"x":478.77288818359377,"y":366.0037536621094,"z":1472.3240966796875},"rotation":{"x":-0.0776277631521225,"y":-0.3243754804134369,"z":-0.026726610958576204,"w":0.9423925280570984},"size":1559.6751708984375,"orthographic":false}