{"cameraMode":{"drawMode":0,"name":"Shaded","section":"Shading Mode"},"sceneLighting":true,"audioPlay":false,"sceneViewState":{"showFog":false,"showMaterialUpdate":false,"showSkybox":true,"showFlares":true,"showImageEffects":true,"showParticleSystems":true},"in2DMode":false,"pivot":{"x":-286.6125793457031,"y":102.9797592163086,"z":314.1811828613281},"rotation":{"x":0.019787155091762544,"y":0.04647016525268555,"z":-0.000948029279243201,"w":0.9987446665763855},"size":468.0350646972656,"orthographic":false}