{"cameraMode":{"drawMode":0,"name":"Shaded","section":"Shading Mode"},"sceneLighting":false,"audioPlay":false,"sceneViewState":{"showFog":false,"showMaterialUpdate":false,"showSkybox":false,"showFlares":true,"showImageEffects":true,"showParticleSystems":true},"in2DMode":false,"pivot":{"x":1087.94677734375,"y":412.990966796875,"z":1420.0565185546875},"rotation":{"x":0.06651171296834946,"y":0.2776111364364624,"z":-0.01930593140423298,"w":0.9582194685935974},"size":12959.2119140625,"orthographic":false}