{"cameraMode":{"drawMode":0,"name":"Shaded","section":"Shading Mode"},"sceneLighting":false,"audioPlay":false,"sceneViewState":{"showFog":false,"showMaterialUpdate":false,"showSkybox":false,"showFlares":true,"showImageEffects":true,"showParticleSystems":true},"in2DMode":false,"pivot":{"x":1087.696533203125,"y":412.999267578125,"z":1403.24560546875},"rotation":{"x":0.015308576636016369,"y":0.013495005667209626,"z":-0.0002431474276818335,"w":0.9998159408569336},"size":12969.02734375,"orthographic":false}