{"cameraMode":{"drawMode":0,"name":"Shaded","section":"Shading Mode"},"sceneLighting":true,"audioPlay":false,"sceneViewState":{"showFog":false,"showMaterialUpdate":false,"showSkybox":true,"showFlares":true,"showImageEffects":true,"showParticleSystems":true},"in2DMode":false,"pivot":{"x":38.92913818359375,"y":50.358612060546878,"z":-210.96302795410157},"rotation":{"x":0.20322135090827943,"y":0.5212891697883606,"z":-0.12939892709255219,"w":0.8186872005462647},"size":662.4737548828125,"orthographic":false}