{"cameraMode":{"drawMode":0,"name":"Shaded","section":"Shading Mode"},"sceneLighting":true,"audioPlay":false,"sceneViewState":{"showFog":false,"showMaterialUpdate":false,"showSkybox":true,"showFlares":true,"showImageEffects":true,"showParticleSystems":true},"in2DMode":false,"pivot":{"x":88.0377426147461,"y":-10.356351852416993,"z":12.512299537658692},"rotation":{"x":0.1175730749964714,"y":0.5576730966567993,"z":-0.08021263033151627,"w":0.8177933692932129},"size":203.5546417236328,"orthographic":false}